{
  "mae": 44782343.432848506,
  "rmse": 107224188.8624783,
  "r2": 0.7327189511048637,
  "msle": 1.0239652247154465,
  "log_r2": 0.7285674428509182,
  "test_size": 0.2,
  "random_state": 42
}